{"cameraMode":{"drawMode":0,"name":"Shaded","section":"Shading Mode"},"sceneLighting":false,"audioPlay":false,"sceneViewState":{"m_AlwaysRefresh":false,"showFog":true,"showSkybox":false,"showFlares":true,"showImageEffects":true,"showParticleSystems":true,"showVisualEffectGraphs":true,"m_FxEnabled":true},"in2DMode":false,"pivot":{"x":-0.029990635812282563,"y":1.044901967048645,"z":0.2982681691646576},"rotation":{"x":0.25221773982048037,"y":-0.371038556098938,"z":0.10544876754283905,"w":0.887468695640564},"size":1.0202276706695557,"orthographic":false}